{"MPOxC":{"BMWi_kWh\/st":10.76388525,"BMWi_kWh\/mt":11.86503071,"RMWi_kWh\/st":9.333771057,"RMWi_kWh\/mt":10.28861584},"MPSxC":{"BMWi_kWh\/st":13.72428066,"BMWi_kWh\/mt":15.12827458,"RMWi_kWh\/st":12.25686762,"RMWi_kWh\/mt":13.51074518},"NPOxC":{"BMWi_kWh\/st":11.97775483,"BMWi_kWh\/mt":13.20307915,"RMWi_kWh\/st":8.272014011,"RMWi_kWh\/mt":9.118241044},"NPSxC":{"BMWi_kWh\/st":12.94374073,"BMWi_kWh\/mt":14.26788541,"RMWi_kWh\/st":8.687450702,"RMWi_kWh\/mt":9.576176909}}