{"MPOxC":{"50.0":3.7,"75.0":2.24,"90.0":2.2,"120.0":2.8,"150.0":2.54,"a":4.149074674,"b":0.0037629465},"MPSxC":{"50.0":5.64,"75.0":5.88,"90.0":5.52,"120.0":5.12,"150.0":4.0,"a":7.4776325671,"b":0.007940142},"NPOxC":{"50.0":2.58,"75.0":2.08,"90.0":2.36,"120.0":2.08,"150.0":2.1,"a":3.5676001991,"b":0.0028694392}}