{"MPOxC":{"50.0":96.29,"75.0":95.54,"90.0":93.53,"120.0":94.05,"150.0":92.2,"a":97.5297314769,"b":0.0112178033},"MPSxC":{"50.0":93.2,"75.0":89.28,"90.0":84.85,"120.0":87.54,"150.0":85.18,"a":92.1341662007,"b":0.0134594129},"NPOxC":{"50.0":94.24,"75.0":89.82,"90.0":79.65,"120.0":88.43,"150.0":86.71,"a":90.9629639172,"b":0.0111761383}}