{"MPOxC":{"50.0":62.19,"75.0":62.36,"90.0":63.27,"120.0":59.87,"150.0":57.34,"a":65.1868327161,"b":0.0135796493},"MPSxC":{"50.0":72.3,"75.0":55.56,"90.0":53.0,"120.0":49.65,"150.0":51.7,"a":63.5509954905,"b":0.0181493056},"NPOxC":{"50.0":77.67,"75.0":76.54,"90.0":73.47,"120.0":72.18,"150.0":69.23,"a":79.0137716799,"b":0.0154750824}}