{"MPOxC":{"50.0":18.82,"75.0":19.72,"90.0":17.56,"120.0":15.28,"150.0":15.34,"a":20.8841934024,"b":0.0121038243},"MPSxC":{"50.0":1.0,"75.0":3.46,"90.0":4.68,"120.0":2.82,"150.0":2.58,"a":3.1008305059,"b":-0.0190549699},"NPOxC":{"50.0":3.42,"75.0":4.22,"90.0":3.68,"120.0":3.54,"150.0":4.08,"a":4.3887468081,"b":-0.0054354174}}