{"('au', 'MPOxC')":{"50.0":96.29,"75.0":95.54,"90.0":93.53,"120.0":94.05,"150.0":92.2,"a":97.5297314769,"b":0.0112178033,"BMWi_kWh\/st":null,"BMWi_kWh\/mt":null,"RMWi_kWh\/st":null,"RMWi_kWh\/mt":null},"('au', 'MPSxC')":{"50.0":93.2,"75.0":89.28,"90.0":84.85,"120.0":87.54,"150.0":85.18,"a":92.1341662007,"b":0.0134594129,"BMWi_kWh\/st":null,"BMWi_kWh\/mt":null,"RMWi_kWh\/st":null,"RMWi_kWh\/mt":null},"('au', 'NPOxC')":{"50.0":94.24,"75.0":89.82,"90.0":79.65,"120.0":88.43,"150.0":86.71,"a":90.9629639172,"b":0.0111761383,"BMWi_kWh\/st":null,"BMWi_kWh\/mt":null,"RMWi_kWh\/st":null,"RMWi_kWh\/mt":null},"('ag', 'MPOxC')":{"50.0":62.19,"75.0":62.36,"90.0":63.27,"120.0":59.87,"150.0":57.34,"a":65.1868327161,"b":0.0135796493,"BMWi_kWh\/st":null,"BMWi_kWh\/mt":null,"RMWi_kWh\/st":null,"RMWi_kWh\/mt":null},"('ag', 'MPSxC')":{"50.0":72.3,"75.0":55.56,"90.0":53.0,"120.0":49.65,"150.0":51.7,"a":63.5509954905,"b":0.0181493056,"BMWi_kWh\/st":null,"BMWi_kWh\/mt":null,"RMWi_kWh\/st":null,"RMWi_kWh\/mt":null},"('ag', 'NPOxC')":{"50.0":77.67,"75.0":76.54,"90.0":73.47,"120.0":72.18,"150.0":69.23,"a":79.0137716799,"b":0.0154750824,"BMWi_kWh\/st":null,"BMWi_kWh\/mt":null,"RMWi_kWh\/st":null,"RMWi_kWh\/mt":null},"('nacn', 'MPOxC')":{"50.0":3.7,"75.0":2.24,"90.0":2.2,"120.0":2.8,"150.0":2.54,"a":4.149074674,"b":0.0037629465,"BMWi_kWh\/st":null,"BMWi_kWh\/mt":null,"RMWi_kWh\/st":null,"RMWi_kWh\/mt":null},"('nacn', 'MPSxC')":{"50.0":5.64,"75.0":5.88,"90.0":5.52,"120.0":5.12,"150.0":4.0,"a":7.4776325671,"b":0.007940142,"BMWi_kWh\/st":null,"BMWi_kWh\/mt":null,"RMWi_kWh\/st":null,"RMWi_kWh\/mt":null},"('nacn', 'NPOxC')":{"50.0":2.58,"75.0":2.08,"90.0":2.36,"120.0":2.08,"150.0":2.1,"a":3.5676001991,"b":0.0028694392,"BMWi_kWh\/st":null,"BMWi_kWh\/mt":null,"RMWi_kWh\/st":null,"RMWi_kWh\/mt":null},"('lime', 'MPOxC')":{"50.0":18.82,"75.0":19.72,"90.0":17.56,"120.0":15.28,"150.0":15.34,"a":20.8841934024,"b":0.0121038243,"BMWi_kWh\/st":null,"BMWi_kWh\/mt":null,"RMWi_kWh\/st":null,"RMWi_kWh\/mt":null},"('lime', 'MPSxC')":{"50.0":1.0,"75.0":3.46,"90.0":4.68,"120.0":2.82,"150.0":2.58,"a":3.1008305059,"b":-0.0190549699,"BMWi_kWh\/st":null,"BMWi_kWh\/mt":null,"RMWi_kWh\/st":null,"RMWi_kWh\/mt":null},"('lime', 'NPOxC')":{"50.0":3.42,"75.0":4.22,"90.0":3.68,"120.0":3.54,"150.0":4.08,"a":4.3887468081,"b":-0.0054354174,"BMWi_kWh\/st":null,"BMWi_kWh\/mt":null,"RMWi_kWh\/st":null,"RMWi_kWh\/mt":null},"('comminution', 'MPOxC')":{"50.0":null,"75.0":null,"90.0":null,"120.0":null,"150.0":null,"a":null,"b":null,"BMWi_kWh\/st":10.76388525,"BMWi_kWh\/mt":11.86503071,"RMWi_kWh\/st":9.333771057,"RMWi_kWh\/mt":10.28861584},"('comminution', 'MPSxC')":{"50.0":null,"75.0":null,"90.0":null,"120.0":null,"150.0":null,"a":null,"b":null,"BMWi_kWh\/st":13.72428066,"BMWi_kWh\/mt":15.12827458,"RMWi_kWh\/st":12.25686762,"RMWi_kWh\/mt":13.51074518},"('comminution', 'NPOxC')":{"50.0":null,"75.0":null,"90.0":null,"120.0":null,"150.0":null,"a":null,"b":null,"BMWi_kWh\/st":11.97775483,"BMWi_kWh\/mt":13.20307915,"RMWi_kWh\/st":8.272014011,"RMWi_kWh\/mt":9.118241044}}